<?xml version="1.0"?>
<config xmlns:xsi="http://www.w3.org/2001/XMLSchema-instance" xsi:noNamespaceSchemaLocation="urn:magento:framework:ObjectManager/etc/config.xsd">
    <preference for="Chetu\Myform\Api\Data\DisplayInterface" type="Chetu\Myform\Model\EmpGrid" />

    <virtualType name="Chetu\Myform\Model\ResourceModel\EmpGrid\Collection" type="Magento\Framework\View\Element\UiComponent\DataProvider\SearchResult">
        <arguments>
            <argument name="mainTable" xsi:type="string">custom_grid</argument>
            <argument name="resourceModel" xsi:type="string">Chetu\Myform\Model\ResourceModel\EmpGrid</argument>
        </arguments>
    </virtualType>
    <type name="Magento\Framework\View\Element\UiComponent\DataProvider\CollectionFactory">
        <arguments>
            <argument name="collections" xsi:type="array">
                <item name="custom_grid_listing_data_source" xsi:type="string">Chetu\Myform\Model\ResourceModel\EmpGrid\Collection</item>
            </argument>
        </arguments>
    </type>
</config>