<?xml version="1.0"?>
<routes xmlns:xsi="http://www.w3.org/2001/XMLSchema-instance"
        xsi:noNamespaceSchemaLocation="urn:magento:module:Magento_Webapi:etc/webapi.xsd">
    <route url="/V1/rest_chetu/getProduct/:id" method="GET">
        <service class="Chetu\Myform\Api\ProductRepositoryInterface" method="getItem" />
        <resources>
            <resource ref="Chetu_Myform::products_get" />
        </resources>
    </route>
    <route url="/V1/rest_chetu/setDescription" method="PUT">
        <service class="Chetu\Myform\Api\ProductRepositoryInterface" method="setDescription" />
        <resources>
            <resource ref="Chetu_Myform::products_set_description" />
        </resources>
    </route>
</routes>