{
    "ui_comp_form": {
        "column": {
            "employee_id": true,
            "employee_name": true,
            "employee_age": true,
            "employee_description": true,
            "employee_color": true,
            "employee_address": true,
            "employee_gender": true
        },
        "constraint": {
            "PRIMARY": true
        }
    },
    "custom_grid": {
        "column": {
            "employee_id": true,
            "employee_name": true,
            "employee_age": true,
            "employee_phone": true,
            "employee_gender": true
        },
        "constraint": {
            "PRIMARY": true
        }
    }
}